,keywordName
0,adversarial loss
1,named entity recognition 
2,knowledge graph completion
3,prompt-tuning
4,inductive knowledge graph
5,natural language generation
6,uncertainty
7,semantic
8,bipartite heterogeneous graph
9,gan
10,negative sampling
11,sql databases
12,image segmentation
13,language
14,entity embedding
15,explainable predicton
16,pre-training
17,object detection
18,markov model
19,commonsense reasoning
20,non-sampling machne learnng
21,meta learning
22,digital marketing
23,visualization
24,node classification
25,machine learning
26,cyber security
27,discriminator
28,contrastve learnng
29,stop words
30,pretrained language models
31,internet of things
32,question answering
33,word2vec
34,image generation
35,artificial intelligence
36,representation learning
37,neurotechnologies
38,tokenization
39,tensor factorization
40,stemmer
41,label propagation
42,semantic web
43,knowledge base question answering
44,data science
45,visual encoding
46,healthcare systems
47,time series forecasting
48,completion
49,tensor decomposition
50,text classification
51,latent space
52,matrix factorization
53,generative adversarial network
54,triple store
55,graph summarization
56,biomedical knowledge graphs
57,message passing
58,encoder-decoder
59,deep neural networks
60,data augmentaton
61,graph attention networks
62,interaction graph
63,graph reasoning
64,graph representation learning
65,classification
66,node embedding
67,knowledge acquisition
68,relational learning
69,semantic query
70,language processng
71,process mining
72,explainable ai
73,computer vision
74,generative pre-trained transformer
75,autonomous systems
76,recursive neural networks
77,natural language
78,multi-task learning
79,attention head
80,sequence-to-sequence
81,knowledge enhanced recommendation
82,causal inference
83,fine-tuning
84,text-to-speech
85,transformer architecture
86,federated learning
87,mutual information
88,informaton theory
89,temporal knowledge graph
90,human-robot interacton
91,triple embedding
92,reinforcement learning
93,document classification
94,generator
95,interaction
96,ontology
97,autonomous intelligence
98,automatic programming
99,human-robot
100,face detection
101,attention weights
102,graphs
103,entity linking
104,self-attention
105,positive pairs
106,event prediction
107,probabilistic medical knowledge graph
108,context vector
109,time-aware knowledge graph
110,entity alignment
111,bayesian networks
112,entity clustering
113,translators
114,neural machine translation
115,optical flow
116,causal graph
117,knowledge transfer
118,construction
119,label classification
120,transformer
121,retrieval augmentation
122,markov
123,term memory
124,neural networks
125,literate programmng
126,knowledge graph reasoning
127,alignment relationship
128,lstm
129,sequence modeling
130,medical expert systems
131,scaled dot-product attention
132,spatio-temporal data
133,timestamp distribution
134,entity retrieval
135,named entity recognition
136,clustering
137,large computing systems
138,meta-knowledge transfer
139,image classification
140,similarity
141,siamese networks
142,support vector machine
143,data Annotation
144,low resource language
145,knowledge graph embeddings
146,robotics
147,software engineering
148,collaboratve filtering
149,covid 19
150,quantum computing
151,embedding space
152,conditional gans
153,graph representaton learnng
154,information extraction
155,attention mechanism
156,chatbot
157,negative pairs
158,contrastive loss
159,emotional analysis
160,graph clustering
161,data extraction
162,translational models
163,convolutional neural networks
164,multi-head attention
165,tensor
166,ai algorithms
167,reinforcement learnng
168,database model
169,systems security
170,owl2vec
171,text2kg
172,graph convolutional networks
173,event extraction
174,neo4j
175,multi-agent systems
176,retrieval augmented generation
177,self-supervised learning
178,hausa language
179,ontologies
180,graph
181,network embedding
182,sentiment analysis
183,generative ai
184,decision making
185,knowledge bases
186,graph mining
187,machine translation
188,ontology embedding
189,style transfer
190,hierarchical clustering
191,hyperparameter tuning
192,data augmentation
193,image synthesis
194,image augmentation
195,natural language processing
196,embedding
197,word similarity
198,graph embedding
199,language acquisition
200,link prediction
201,rdf2vec
202,ontology learning
203,encoders
204,random walk
205,extraction
206,smart manufacturing
207,knowledge
208,uzbek language
209,deep learning
210,linked data
211,similarity join
212,reasoning
213,query
214,image recognition
215,unsupervised learning
216,relation embedding
217,ai applications
218,graph augmentation
219,text mining
220,large language models
221,adversarial transfer learning
222,protégé
223,relation extraction
224,language models
225,interface design
226,graph neural networks
227,feature extraction
228,intelligent systems
229,language modeling
230,intelligence modelling
231,attention network
232,natural language inference
233,word embedding
234,chatgpt
235,Cross-domain recommendation
236,graph kernels
237,probabilistic
238,pattern recognition
239,semantic data integration
240,knowledge base completion
241,neural-symbolic integraton
242,security data
243,augmented llms
244,causality
245,recommender system
246,prediction
247,graph convolutional network
248,human language technologies
249,resource description framework
250,dynamic graph embedding
251,knowledge graph
252,financial regulaton
253,turkish natural language processing
254,dialogue systems
255,temporal
256,social network analysis
257,predictive modeling
258,biomedical graph
259,kolmo gorov complexity
260,text generation
261,language model
